1,Anchorage,,,AK,0380      ,61.218101,-149.900299,200000,60,25,25,,
2,Anniston,,,AL,0450      ,33.659697,-85.831703,200000,60,25,25,,
3,Birmingham,,,AL,1000      ,33.520598,-86.802498,200000,60,25,25,Y,
4,Decatur,,,AL,2030      ,34.605801,-86.983299,200000,60,25,25,,
5,Dothan,,,AL,2180      ,31.223101,-85.390602,200000,60,25,25,,
6,Florence,,,AL,2650      ,34.799702,-87.677200,200000,60,25,25,,
7,Gadsden,,,AL,2880      ,34.014197,-86.006698,200000,60,25,25,,
8,Huntsville,,,AL,3440      ,34.730301,-86.586098,200000,60,25,25,,
9,Mobile,,,AL,5160      ,30.694200,-88.043098,200000,60,25,25,Y,
10,Montgomery,,,AL,5240      ,32.366698,-86.300003,200000,60,25,25,,
11,Tuscaloosa,,,AL,8600      ,33.209701,-87.569199,200000,60,25,25,,
12,Fayetteville,,,AR,2580      ,36.226398,-94.191101,200000,60,25,25,,
13,Fort Smith,,,AR,2720      ,35.385798,-94.398299,200000,60,25,25,,
14,Jonesboro,,,AR,3700      ,35.842220,-90.704170,200000,60,25,25,,
15,Little Rock,,,AR,4400      ,34.746391,-92.289436,200000,60,25,25,,
16,Pine Bluff,,,AR,6240      ,34.228329,-92.003059,200000,60,25,25,,
17,Flagstaff,,,AZ,2620      ,34.901699,-112.190598,200000,60,25,25,Y,
18,Phoenix-Mesa,,,AZ,6200      ,33.443298,-111.976097,200000,60,25,25,Y,Phoenix
19,Tucson,,,AZ,8520      ,32.221699,-110.925797,200000,60,25,25,Y,
20,Yuma,,,AZ,9360      ,32.725299,-114.623596,200000,60,25,25,,
21,Bakersfield,,,CA,0680      ,35.373299,-119.017799,200000,60,25,25,,
22,Chico,,,CA,1620      ,39.728600,-121.836403,200000,60,25,25,Y,
23,Fresno,,,CA,2840      ,36.747799,-119.771400,200000,60,25,25,Y,
24,Los Angeles,,,CA,4480      ,34.052200,-118.242798,200000,60,25,25,,
25,Merced,,,CA,4940      ,37.302200,-120.481903,200000,60,25,25,Y,
26,Modesto,,,CA,5170      ,37.639197,-120.995796,200000,60,25,25,Y,
27,Oakland-Alameda,,,CA,5775      ,37.750198,-122.200599,200000,60,25,25,Y,Oakland
28,Orange County,,,CA,5945      ,33.666900,-117.897399,200000,60,25,25,,
29,Redding,,,CA,6690      ,40.586700,-122.390602,200000,60,25,25,,
30,Riverside-San Bernardino,,,CA,6780      ,34.055000,-117.208902,200000,60,25,25,Y,Inland Empire
31,Sacramento,,,CA,6920      ,38.604648,-121.415300,200000,60,25,25,Y,
32,Salinas,,,CA,7120      ,36.612800,-121.565598,200000,60,25,25,,
33,San Diego,,,CA,7320      ,32.747799,-117.056700,200000,60,25,25,Y,
34,San Francisco,,,CA,7360      ,37.859200,-122.484200,200000,60,25,25,,
35,San Jose,,,CA,7400      ,37.339401,-121.893898,200000,60,25,25,Y,
36,San Luis Obispo,,,CA,7460      ,35.426102,-120.603104,200000,60,25,25,,
37,Santa Barbara,,,CA,7480      ,34.595798,-120.136703,200000,60,25,25,,
38,Santa Cruz,,,CA,7485      ,36.974200,-122.029701,200000,60,25,25,,
39,Santa Rosa,,,CA,7500      ,38.440601,-122.713303,200000,60,25,25,,
40,Stockton-Lodi,,,CA,8120      ,38.038609,-121.244720,200000,60,25,25,Y,Stockton
41,Vallejo-Napa,,,CA,8720      ,38.219405,-122.242149,200000,60,25,25,,
42,Ventura,,,CA,8735      ,34.278301,-119.292198,200000,60,25,25,Y,
43,Visalia,,,CA,8780      ,36.326890,-119.334702,200000,60,25,25,Y,
44,Davis-Yolo,,,CA,9270      ,38.614201,-121.759399,200000,60,5,0,,Davis
45,Yuba City,,,CA,9340      ,39.140598,-121.615799,200000,60,5,0,,
46,Boulder-Longmont,,,CO,1125      ,40.103901,-105.170303,200000,60,25,25,Y,Boulder
47,Colorado Springs,,,CO,1720      ,38.833900,-104.820801,200000,60,25,25,Y,
48,Denver,,,CO,2080      ,39.740112,-104.984856,200000,60,25,25,Y,
49,Fort Collins-Loveland,,,CO,2670      ,40.494700,-105.076897,200000,60,25,25,,Fort Collins
50,Grand Junction,,,CO,2995      ,39.207988,-108.492922,200000,60,25,25,Y,
51,Greeley,,,CO,3060      ,40.281898,-104.777199,200000,60,25,25,,
52,Pueblo,,,CO,6560      ,38.254398,-104.608597,200000,60,25,25,,
53,Bridgeport,,,CT,1160      ,41.270001,-73.157110,200000,60,25,25,,
54,Danbury,,,CT,1930      ,41.394699,-73.454399,200000,60,25,25,,
55,Hartford,,,CT,3280      ,41.763599,-72.685600,200000,60,25,25,,
56,New Haven-Meriden,,,CT,5480      ,41.308100,-72.928596,200000,60,25,25,,New Haven
57,New London-Norwich,,,CT,5520      ,41.445599,-72.088898,200000,60,25,25,,New London
58,Stamford-Norwalk,,,CT,8040      ,41.066700,-73.466698,200000,60,25,25,,Stamford
59,Waterbury,,,CT,8880      ,41.558101,-73.051903,200000,60,25,25,,
60,Dover,,,DE,2190      ,39.158099,-75.524696,200000,60,25,25,,
61,Wilmington-Newark,,,DE,9160      ,39.715599,-75.641098,200000,60,25,25,Y,Wilmington
62,Daytona Beach,,,FL,2020      ,29.210600,-81.023102,200000,60,25,25,Y,
63,Broward County-Ft. Lauderdale,,,FL,2680      ,26.121901,-80.253600,200000,60,25,25,,Broward County
64,Fort Myers,,,FL,2700      ,26.640299,-81.872498,200000,60,25,25,Y,
65,Martin-St. Lucie-Okeechobee Counties,,,FL,2710      ,27.344262,-80.739827,200000,60,25,25,,St. Lucia
66,Destin-Fort Walton Beach,,,FL,2750      ,30.405599,-86.618896,200000,60,25,25,,Destin
67,Gainesville,,,FL,2900      ,29.651399,-82.324997,200000,60,25,25,Y,
68,Jacksonville-St. Augustine,,,FL,3600      ,30.120800,-81.484398,200000,60,25,25,Y,Jacksonville
69,Lakeland-Winter Haven,,,FL,3980      ,28.150000,-81.814399,200000,60,25,25,Y,Lakeland
70,Melbourne,,,FL,4900      ,28.083300,-80.608299,200000,60,25,25,Y,
71,Miami-Dade County,,,FL,5000      ,25.773899,-80.249901,200000,60,25,25,,Miami
72,Naples,,,FL,5345      ,26.138059,-81.766670,200000,60,25,25,,
73,Ocala,,,FL,5790      ,29.186898,-82.140297,200000,60,15,15,Y,
74,Orlando,,,FL,5960      ,28.538099,-81.379402,200000,60,25,25,Y,
75,Panama City,,,FL,6015      ,30.158600,-85.660301,200000,60,25,25,,
76,Pensacola,,,FL,6080      ,30.421100,-87.216904,200000,60,25,25,,
77,Punta Gorda,,,FL,6580      ,26.929399,-82.045601,200000,60,25,25,Y,
78,Sarasota-Bradenton,,,FL,7510      ,27.409700,-82.569397,200000,60,25,25,,Sarasota
79,Tallahassee,,,FL,8240      ,30.438101,-84.280800,200000,60,25,25,,
80,Tampa-St. Petersburg,,,FL,8280      ,27.863299,-82.526901,200000,60,25,25,Y,Tampa Bay
81,Palm Beach County,,,FL,8960      ,26.715311,-80.251896,200000,60,25,25,Y,Palm Beach
82,Albany,,,GA,0120      ,31.578300,-84.155800,200000,60,25,25,,
83,Athens,,,GA,0500      ,33.960800,-83.378098,200000,60,25,25,,
84,Atlanta,,,GA,0520      ,33.748900,-84.388100,200000,60,25,25,Y,
85,Augusta,,,GA,0600      ,33.466701,-82.016701,200000,60,25,25,,
86,Columbus,,,GA,1800      ,32.460800,-84.987801,200000,60,25,25,Y,
87,Macon,,,GA,4680      ,32.840598,-83.632499,200000,60,25,25,Y,
88,Savannah,,,GA,7520      ,32.083302,-81.099998,200000,60,25,25,Y,
89,Oahu,,,HI,3320      ,21.508019,-157.964172,200000,150,25,25,Y,
90,Cedar Rapids,,,IA,1360      ,42.008301,-91.643898,200000,60,25,25,,
91,Des Moines,,,IA,2120      ,41.600600,-93.608902,200000,60,25,25,Y,
92,Dubuque,,,IA,2200      ,42.500598,-90.664398,200000,60,25,25,,
93,Iowa City,,,IA,3500      ,41.661098,-91.529999,200000,60,25,25,,
94,Sioux City,,,IA,7720      ,42.500000,-96.400002,200000,60,25,25,,
95,Waterloo-Cedar Falls,,,IA,8920      ,42.516186,-92.429364,200000,60,25,25,,Cedar Falls
96,Boise,,,ID,1080      ,43.613602,-116.202499,200000,60,25,25,Y,
97,South East Idaho,,,ID,6340      ,42.871399,-112.444702,200000,60,25,25,Y,Idaho Falls
98,Bloomington-Normal,,,IL,1040      ,40.507584,-88.993599,200000,60,25,25,,Bloomington
99,Champaign-Urbana,,,IL,1400      ,40.116400,-88.243300,200000,60,25,25,,Urbana
100,Chicago,,,IL,1600      ,41.883823,-87.932469,200000,60,25,25,Y,
101,Davenport-Moline,,,IL,1960      ,41.523601,-90.577499,200000,60,25,25,,Davenport
102,Decatur,,,IL,2040      ,39.840302,-88.954697,200000,60,25,25,,
103,Kankakee,,,IL,3740      ,41.119999,-87.861099,200000,60,25,25,,
104,Peoria-Pekin,,,IL,6120      ,40.617500,-89.600304,200000,60,25,25,,Peoria
105,Rockford,,,IL,6880      ,42.271097,-89.093901,200000,60,25,25,,
106,Springfield,,,IL,7880      ,39.801701,-89.643600,200000,60,25,25,,
107,Bloomington,,,IN,1020      ,39.165298,-86.526398,200000,60,25,25,,
108,Elkhart-Goshen,,,IN,2330      ,41.637798,-85.921700,200000,60,25,25,,Elkhart
109,Evansville,,,IN,2440      ,37.974701,-87.555801,200000,60,25,25,,
110,Fort Wayne,,,IN,2760      ,41.130600,-85.128899,200000,60,25,25,,
111,Gary,,,IN,2960      ,41.593300,-87.346397,200000,60,25,25,Y,
112,Indianapolis,,,IN,3480      ,39.768299,-86.158095,200000,60,25,25,Y,
113,Kokomo,,,IN,3850      ,40.486401,-86.133598,200000,60,25,25,,
114,Lafayette,,,IN,3920      ,40.416698,-86.875000,200000,60,25,25,,
115,Muncie,,,IN,5280      ,40.193298,-85.386398,200000,60,25,25,,
116,South Bend,,,IN,7800      ,41.683300,-86.250000,200000,60,25,25,,
117,Terre Haute,,,IN,8320      ,39.466702,-87.413902,200000,60,25,25,,
118,Lawrence,,,KS,4150      ,38.971699,-95.235001,200000,60,25,25,,
119,Topeka,,,KS,8440      ,39.048302,-95.677803,200000,60,25,25,,
120,Wichita,,,KS,9040      ,37.692200,-97.337196,200000,60,25,25,,
121,Lexington,,,KY,4280      ,38.049197,-84.500298,200000,60,25,25,Y,
122,Louisville,,,KY,4520      ,38.254200,-85.759398,200000,60,25,25,Y,
123,Owensboro,,,KY,5990      ,37.774200,-87.113297,200000,60,25,25,Y,
124,Alexandria,,,LA,0220      ,31.311110,-92.445000,200000,60,25,25,,
125,Baton Rouge,,,LA,0760      ,30.450600,-91.154404,200000,60,25,25,,
126,Houma,,,LA,3350      ,29.595560,-90.719437,200000,60,25,25,,
127,Lafayette,,,LA,3880      ,30.223900,-92.019699,200000,60,25,25,,
128,Lake Charles,,,LA,3960      ,30.226399,-93.217201,200000,60,25,25,,
129,Monroe,,,LA,5200      ,32.509199,-92.119202,200000,60,25,25,,
130,New Orleans,,,LA,5560      ,29.961262,-90.050873,200000,60,25,25,,
131,Shreveport-Bossier City,,,LA,7680      ,32.525002,-93.750000,200000,60,25,25,,Shreveport
132,Barnstable-Yarmouth,,,MA,0740      ,41.701697,-70.273598,200000,60,25,25,,Barnstable
133,Boston,,,MA,1120      ,42.358298,-71.060303,200000,60,25,25,Y,
134,Brockton,,,MA,1200      ,42.083302,-71.018898,200000,60,25,25,,
135,Fitchburg-Leominster,,,MA,2600      ,42.564400,-71.783302,200000,60,25,25,,Fitchburg
136,Lawrence,,,MA,4160      ,42.706902,-71.163597,200000,60,25,25,Y,
137,Lowell,,,MA,4560      ,42.633301,-71.316704,200000,60,25,25,,
138,New Bedford,,,MA,5400      ,41.636101,-70.934700,200000,60,25,25,,
139,Pittsfield,,,MA,6320      ,42.450000,-73.245796,200000,60,25,25,,
140,Springfield,,,MA,8000      ,42.101398,-72.590302,200000,60,25,25,,
141,Worcester,,,MA,9240      ,42.262500,-71.802803,200000,60,25,25,Y,
142,Baltimore,,,MD,0720      ,39.290298,-76.612503,200000,60,25,25,,
143,Cumberland,,,MD,1900      ,39.652802,-78.762802,200000,60,25,25,,
144,Hagerstown,,,MD,3180      ,39.641701,-77.720299,200000,60,25,25,Y,
145,Bangor,,,ME,0730      ,44.801102,-68.778296,200000,60,25,25,,
146,Lewiston-Auburn,,,ME,4240      ,44.100300,-70.215301,200000,60,25,25,Y,Auburn
147,Portland,,,ME,6400      ,43.661400,-70.255798,200000,60,25,25,Y,
148,Ann Arbor,,,MI,0440      ,42.283298,-83.745796,200000,60,25,25,,
149,Benton Harbor,,,MI,0870      ,42.116698,-86.454200,200000,60,25,25,,
150,Detroit,,,MI,2160      ,42.331402,-83.045799,200000,60,25,25,Y,
151,Flint,,,MI,2640      ,43.012500,-83.687500,200000,60,25,25,,
152,Grand Rapids,,,MI,3000      ,42.963299,-85.668098,200000,60,25,25,Y,
153,Jackson,,,MI,3520      ,42.245800,-84.401398,200000,60,25,25,,
154,Kalamazoo-Battle Creek,,,MI,3720      ,42.288601,-85.418098,200000,60,25,25,,Kalamazoo
155,Lansing,,,MI,4040      ,42.732497,-84.555603,200000,60,25,25,,
156,Traverse,,,MI,6960      ,44.763100,-85.620598,200000,60,25,25,Y,
157,Duluth,,,MN,2240      ,46.783298,-92.106400,200000,60,25,25,,
158,Minneapolis-St. Paul,,,MN,5120      ,44.979999,-93.263603,200000,60,25,25,Y,Minneapolis
159,Rochester,,,MN,6820      ,44.021702,-92.469704,200000,60,25,25,Y,
160,St. Cloud,,,MN,6980      ,45.560799,-94.162201,200000,60,25,25,,St. Cloud
161,Columbia-Jefferson City,,,MO,1740      ,38.774399,-92.256897,200000,60,25,25,Y,Columbia
162,Joplin,,,MO,3710      ,37.084202,-94.513100,200000,60,25,25,,
163,Kansas City,,,MO,3760      ,39.099701,-94.578299,200000,60,25,25,,
164,Springfield,,,MO,7920      ,37.215302,-93.298103,200000,60,25,25,Y,
165,St. Joseph,,,MO,7000      ,39.768599,-94.846397,200000,60,25,25,,
166,St. Louis,,,MO,7040      ,38.627201,-90.197799,200000,60,25,25,Y,
167,Biloxi,,,MS,0920      ,30.395800,-88.885300,200000,60,25,25,,
168,Hattiesburg,,,MS,3285      ,31.326899,-89.290298,200000,60,25,25,,
169,Jackson,,,MS,3560      ,32.298598,-90.184700,200000,60,25,25,,
170,Memphis,,,TN,4920      ,35.149399,-90.048896,200000,60,25,25,Y,
171,Billings,,,MT,0880      ,45.783298,-108.500000,200000,60,25,25,,
172,Great Falls,,,MT,3040      ,47.500301,-111.300003,200000,60,25,25,,
173,Asheville,,,NC,0480      ,35.600799,-82.554199,200000,60,25,25,,
174,Charlotte,,,NC,1520      ,35.226898,-80.843300,200000,60,25,25,Y,
175,Fayetteville,,,NC,2560      ,35.052502,-78.878601,200000,60,25,25,Y,
176,Goldsboro,,,NC,2980      ,35.384701,-77.993103,200000,60,25,25,,
177,Greensboro-Winston-Salem-High Point,,,NC,3120      ,36.075802,-79.995598,200000,60,25,25,Y,Triad
178,Greenville,,,NC,3150      ,35.612499,-77.366669,200000,60,25,25,,
179,Hickory,,,NC,3290      ,35.733101,-81.341400,200000,60,25,25,,
180,Jacksonville,,,NC,3605      ,34.753898,-77.430603,200000,60,25,25,Y,
181,Raleigh-Durham-Chapel Hill,,,NC,6640      ,35.882198,-78.850304,200000,60,25,25,Y,Raleigh Durham
182,Rocky Mount,,,NC,6895      ,35.938098,-77.790802,200000,60,25,25,,
183,Wilmington,,,NC,9200      ,34.225600,-77.945000,200000,60,25,25,Y,
184,Bismarck,,,ND,1010      ,46.808300,-100.783302,200000,60,25,25,,
185,Fargo,,,ND,2520      ,46.877201,-96.789398,200000,60,25,25,Y,
186,Grand Forks,,,ND,2985      ,47.925300,-97.032501,200000,60,25,25,,
187,Lincoln,,,NE,4360      ,40.799999,-96.666702,200000,60,25,25,,
188,Omaha,,,NE,5920      ,41.258598,-95.937500,200000,60,25,25,,
189,Manchester,,,NH,4760      ,42.995601,-71.455299,200000,60,25,25,,
190,Nashua,,,NH,5350      ,42.765300,-71.468102,200000,60,25,25,,
191,Portsmouth,,,NH,6450      ,43.071700,-70.763100,200000,60,25,25,,
192,Atlantic-Cape May,,,NJ,0560      ,39.153301,-74.693298,200000,60,25,25,,Cape May
193,Bergen County,,,NJ,0875      ,40.729198,-74.066101,200000,60,25,25,,
194,Hudson County,,,NJ,3640      ,40.806899,-74.004203,200000,60,25,25,,
195,Middlesex County,,,NJ,5015      ,40.572497,-74.493103,200000,60,25,25,Y,
196,Monmouth County,,,NJ,5190      ,40.295601,-74.073699,200000,60,25,25,Y,
197,Warren County,,,NJ,5640      ,40.829700,-75.078100,200000,60,25,25,,
198,Mercer County,,,NJ,8480      ,40.236899,-74.686897,200000,60,25,25,Y,
199,Cumberland County,,,NJ,8760      ,39.427709,-75.238525,200000,60,25,25,,
200,Albuquerque,,,NM,0200      ,35.084400,-106.650597,200000,60,25,25,,
201,Las Cruces,,,NM,4100      ,32.312198,-106.777802,200000,60,25,25,,
202,Santa Fe,,,NM,7490      ,35.686901,-105.937202,200000,60,25,25,,
203,Las Vegas,,,NV,4120      ,36.174999,-115.136398,200000,60,25,25,,
204,Reno,,,NV,6720      ,39.529700,-119.812798,200000,60,25,25,Y,
205,Albany-Saratoga,,,NY,0160      ,42.652500,-73.756699,200000,60,25,25,,Albany
206,Binghamton,,,NY,0960      ,42.098598,-75.918297,200000,60,25,25,,
207,Buffalo-Niagara Falls,,,NY,1280      ,42.996399,-78.740000,200000,60,25,25,,Buffalo
208,Dutchess County,,,NY,2281      ,41.703520,-73.929121,200000,60,25,25,Y,
209,Elmira,,,NY,2335      ,42.089698,-76.808098,200000,60,25,25,,
210,Glens Falls,,,NY,2975      ,43.309398,-73.644402,200000,60,25,25,,
211,Jamestown,,,NY,3610      ,42.096901,-79.235603,200000,60,25,25,,
212,Nassau-Suffolk,,,NY,5380      ,40.848089,-73.033862,200000,60,25,25,Y,Nassau
213,New York,,,NY,5600      ,41.295601,-73.808601,200000,60,25,25,,
214,Orange County,,,NY,5660      ,41.406290,-74.317180,200000,60,25,25,Y,
215,Rochester,,,NY,6840      ,43.154700,-77.615799,200000,60,25,25,Y,
216,Syracuse,,,NY,8160      ,43.048100,-76.147797,200000,60,25,25,,
217,Utica-Rome,,,NY,8680      ,43.157199,-75.333099,200000,60,25,25,,Utica
218,Akron,,,OH,0080      ,41.081402,-81.519203,200000,60,25,25,,
219,Canton-Massillon,,,OH,1320      ,40.791698,-81.458298,200000,60,25,25,Y,Canton
220,Cincinnati,,,OH,1640      ,39.161900,-84.456902,200000,60,25,25,Y,
221,Cleveland,,,OH,1680      ,41.499401,-81.695602,200000,60,25,25,Y,
222,Columbus,,,OH,1840      ,39.961101,-82.998900,200000,60,25,25,Y,
223,Dayton-Springfield,,,OH,2000      ,39.856098,-83.968597,200000,60,25,25,Y,Dayton
224,Hamilton-Middletown,,,OH,3200      ,39.465599,-84.485602,200000,60,5,0,,Hamilton
225,Lima,,,OH,4320      ,40.742500,-84.105301,200000,60,25,25,,
226,Mansfield,,,OH,4800      ,40.758301,-82.515602,200000,60,25,25,Y,
227,Steubenville,,,OH,8080      ,40.369700,-80.634201,200000,60,25,25,,
228,Toledo,,,OH,8400      ,41.663898,-83.555298,200000,60,25,25,,
229,Youngstown-Warren,,,OH,9320      ,41.182799,-80.765602,200000,60,25,25,,Youngstown
230,Enid,,,OK,2340      ,36.395599,-97.878098,200000,60,25,25,,
231,Lawton,,,OK,4200      ,34.608600,-98.389999,200000,60,25,25,,
232,Oklahoma City,,,OK,5880      ,35.467499,-97.516098,200000,60,25,25,Y,
233,Tulsa,,,OK,8560      ,36.153899,-95.992500,200000,60,25,25,Y,
234,Eugene-Springfield,,,OR,2400      ,44.042801,-123.048599,200000,60,25,25,Y,Eugene
235,Medford-Ashland,,,OR,4890      ,42.275600,-122.816902,200000,60,25,25,,Medford
236,Portland-Vancouver,,,OR,6440      ,45.601898,-122.668098,200000,60,25,25,Y,Portland
237,Salem,,,OR,7080      ,44.943100,-123.033897,200000,60,25,25,,
238,Allentown-Bethlehem,,,PA,0240      ,40.608296,-75.400426,200000,60,25,25,,Allentown
239,Altoona,,,PA,0280      ,40.518599,-78.394997,200000,60,25,25,,
240,Erie,,,PA,2360      ,42.129200,-80.085297,200000,60,25,25,,
241,Harrisburg,,,PA,3240      ,40.273601,-76.884697,200000,60,25,25,Y,
242,Johnstown,,,PA,3680      ,40.326697,-78.922202,200000,60,25,25,Y,
243,Lancaster,,,PA,4000      ,40.037800,-76.305801,200000,60,25,25,,
244,Philadelphia,,,PA,6160      ,39.952202,-75.164200,200000,60,25,25,Y,
245,Pittsburgh,,,PA,6280      ,40.440601,-79.996101,200000,60,25,25,,
246,Reading,,,PA,6680      ,40.335601,-75.927200,200000,60,25,25,,
247,Scranton-Wilkes-Barre,,,PA,7560      ,41.339698,-75.736702,200000,60,25,25,,Scranton
248,Sharon,,,PA,7610      ,41.233101,-80.493599,200000,60,25,25,,
249,State College,,,PA,8050      ,40.793300,-77.860298,200000,60,25,25,,
250,Williamsport,,,PA,9140      ,41.241100,-77.001404,200000,60,25,25,,
251,York,,,PA,9280      ,39.962502,-76.728104,200000,60,25,25,Y,
252,Providence-Warwick,,,RI,6480      ,41.762798,-71.390602,200000,60,25,25,,Providence
253,Charleston,,,SC,1440      ,32.776400,-79.931099,200000,60,25,25,Y,
254,Columbia,,,SC,1760      ,34.000598,-81.035004,200000,60,25,25,Y,
255,Florence,,,SC,2655      ,34.195301,-79.762802,200000,60,25,25,,
256,Greenville-Spartanburg,,,SC,3160      ,34.936400,-82.179199,200000,60,25,25,Y,Greenville
257,Myrtle Beach,,,SC,5330      ,33.688899,-78.886902,200000,60,25,25,Y,
258,Sumter,,,SC,8140      ,33.920300,-80.341698,200000,60,25,25,,
259,Rapid City,,,SD,6660      ,44.080601,-103.230598,200000,60,25,25,Y,
260,Sioux Falls,,,SD,7760      ,43.545975,-96.726814,200000,60,25,25,,
261,Chattanooga,,,TN,1560      ,35.045601,-85.309699,200000,60,25,25,,
262,Clarksville,,,TN,1660      ,36.529701,-87.359398,200000,60,25,25,,
263,Jackson,,,TN,3580      ,35.614398,-88.813904,200000,60,25,25,Y,
264,Johnson City-Bristol,,,TN,3660      ,36.457802,-82.276901,200000,60,25,25,,Johnson City
265,Knoxville,,,TN,3840      ,35.960601,-83.920799,200000,60,25,25,Y,
266,Nashville,,,TN,5360      ,36.165797,-86.784400,200000,60,25,25,Y,
267,Abilene,,,TX,0040      ,32.448600,-99.732803,200000,60,25,25,,
268,Amarillo,,,TX,0320      ,35.221901,-101.830803,200000,60,25,25,,
269,Austin,,,TX,0640      ,30.266898,-97.742798,200000,60,25,25,,
270,Beaumont,,,TX,0840      ,30.085800,-94.101700,200000,60,25,25,,
271,Brazoria,,,TX,1145      ,29.044201,-95.568901,200000,60,25,25,,
272,Brownsville,,,TX,1240      ,25.901399,-97.497200,200000,60,25,25,,
273,Bryan-College Station,,,TX,1260      ,30.674200,-96.369698,200000,60,25,25,Y,College Station
274,Corpus Christi,,,TX,1880      ,27.800301,-97.396103,200000,60,25,25,Y,
275,Dallas,,,TX,1920      ,32.783298,-96.800003,200000,60,25,25,Y,
276,El Paso,,,TX,2320      ,31.758600,-106.486397,200000,60,25,25,,
277,Fort Worth,,,TX,2800      ,32.725299,-97.320602,200000,60,25,25,Y,
278,Galveston,,,TX,2920      ,29.299999,-94.794998,200000,60,25,25,,
279,Houston,,,TX,3360      ,29.763100,-95.363098,200000,60,25,25,Y,
280,Killeen,,,TX,3810      ,31.116899,-97.727501,200000,60,25,25,,
281,Laredo,,,TX,4080      ,27.506100,-99.507200,200000,60,25,25,,
282,Longview,,,TX,4420      ,32.500598,-94.740303,200000,60,25,25,,
283,Lubbock,,,TX,4600      ,33.577800,-101.854698,200000,60,25,25,,
284,Rio Grande Valley,,,TX,40100     ,26.203100,-98.229698,200000,60,25,25,,
285,Midland-Odessa,,,TX,5800      ,31.920799,-102.218300,200000,60,25,25,,Midland
286,San Angelo,,,TX,7200      ,31.463600,-100.436699,200000,60,25,25,,
287,San Antonio,,,TX,7240      ,29.423901,-98.493301,200000,60,25,25,Y,
288,Sherman-Denison,,,TX,7640      ,33.704398,-96.580803,200000,60,25,25,Y,Sherman
289,Texarkana,,,TX,8360      ,33.424999,-94.047501,200000,60,25,25,,
290,Tyler,,,TX,8640      ,32.351101,-95.300797,200000,60,25,25,,
291,Victoria,,,TX,8750      ,28.805000,-97.003304,200000,60,25,25,,
292,Waco,,,TX,8800      ,31.549200,-97.146400,200000,60,25,25,,
293,Wichita Falls,,,TX,9080      ,33.913601,-98.493103,200000,60,25,25,,
294,Provo-Orem,,,UT,6520      ,40.275298,-111.694199,200000,60,25,25,Y,Provo
295,Salt Lake City-Ogden,,,UT,7160      ,40.980597,-111.886703,200000,60,25,25,Y,Salt Lake
296,Charlottesville,,,VA,1540      ,38.029202,-78.476898,200000,60,25,25,Y,
297,Danville,,,VA,1950      ,36.585800,-79.395302,200000,60,25,25,,
298,Lynchburg,,,VA,4640      ,37.413601,-79.142501,200000,60,25,25,,
299,Norfolk-Newport News,,,VA,5720      ,36.889702,-76.391403,200000,60,25,25,Y,Norfolk
300,Richmond-Petersburg,,,VA,6760      ,37.408298,-77.434402,200000,60,25,25,Y,Richmond
301,Roanoke,,,VA,6800      ,37.270802,-79.941704,200000,60,25,25,Y,
302,Washington,,,DC,8840      ,38.895000,-77.036695,200000,60,25,25,Y,
303,Burlington,,,VT,1305      ,44.475799,-73.212502,200000,60,25,25,,
304,Bellingham,,,WA,0860      ,48.614000,-122.339996,200000,60,25,25,,
305,Bremerton,,,WA,1150      ,47.567500,-122.631400,200000,60,25,25,,
306,Olympia,,,WA,5910      ,47.038100,-122.899398,200000,60,25,25,Y,
307,Richland,,,WA,6740      ,46.285800,-119.283302,200000,60,25,25,Y,
308,Seattle-Bellevue,,,WA,7600      ,47.608297,-122.294197,200000,60,25,25,Y,Seattle
309,Spokane-Couer d Alene,,,WA,7840      ,47.658901,-117.425003,200000,60,25,25,,Spokane
310,Tacoma,,,WA,8200      ,47.253101,-122.443100,200000,60,25,25,Y,
311,Yakima,,,WA,9260      ,46.602200,-120.504700,200000,60,25,25,Y,
312,Appleton-Oshkosh,,,WI,0460      ,44.131100,-88.470596,200000,60,25,25,,Oskosh
313,Eau Claire,,,WI,2290      ,44.811400,-91.498298,200000,60,25,25,,
314,Green Bay,,,WI,3080      ,44.519199,-88.019699,200000,60,25,25,,
315,Janesville-Beloit,,,WI,3620      ,42.603901,-89.071098,200000,60,25,25,,Janesville
316,Kenosha,,,WI,3800      ,42.584701,-87.821098,200000,60,25,25,,
317,La Crosse,,,WI,3870      ,43.801399,-91.239403,200000,60,25,25,,
318,Madison,,,WI,4720      ,43.073101,-89.401100,200000,60,25,25,Y,
319,Milwaukee-Waukesha,,,WI,5080      ,43.043097,-88.078903,200000,60,25,25,Y,Milwaukee
320,Racine,,,WI,6600      ,42.726101,-87.782799,200000,60,25,25,Y,
321,Washington-Fond du Lac,,,WI,7620      ,43.750800,-87.714400,200000,60,25,25,,Washington
322,Wausau,,,WI,8940      ,44.959202,-89.629997,200000,60,25,25,,
323,Charleston,,,WV,1480      ,38.349701,-81.632797,200000,60,25,25,,
324,Huntington-Ashland,,,WV,3400      ,38.451697,-82.541901,200000,60,25,25,Y,Huntington
325,Parkersburg-Marietta,,,WV,6020      ,39.361401,-81.502197,200000,60,25,25,,Parkersburg
326,Wheeling,,,WV,9000      ,40.063899,-80.721100,200000,60,25,25,,
327,Casper,,,WY,1350      ,42.866697,-106.312500,200000,60,25,25,,
328,Cheyenne,,,WY,1580      ,41.139998,-104.819702,200000,60,25,25,,
329,Indian River County,,,FL,1100      ,27.638599,-80.401398,200000,60,25,25,Y,
330,Auburn-Opelika,,,AL,0580      ,32.635300,-85.420601,200000,60,25,25,,Auburn
331,Berkshires-Litchfield,,,CT,10002     ,42.449999,-73.245796,200000,60,25,25,,Birkshires
332,Poconos,,,PA,10003     ,41.176898,-75.418297,200000,60,25,25,Y,
333,Ocean City,,,MD,10004     ,38.336399,-75.085297,200000,60,25,25,Y,
334,Summit-Rocky Mountains,,,CO,10005     ,39.655300,-106.828102,200000,60,25,25,Y,Summit Area
335,Hilton Head,,,SC,10006     ,32.216099,-80.752800,200000,60,25,25,Y,
336,Hot Springs,,,AR,10007     ,34.503601,-93.055000,200000,60,25,25,,
337,Corvallis,,,OR,1890      ,44.564701,-123.260803,200000,60,25,25,Y,
338,Missoula,,,MT,5140      ,46.872199,-113.993103,200000,60,25,25,,
339,Eastern Arizona,,,AZ,10008     ,34.513302,-110.077797,200000,60,25,25,Y,
340,Central Oregon,,,OR,X340      ,44.150002,-121.329697,200000,60,25,25,Y,
341,Sandusky,,,OH,10009     ,41.448897,-82.708099,200000,60,25,25,Y,
342,Passaic County,,,NJ,10010     ,40.946666,-74.220599,200000,60,25,25,,
343,Somerset County,,,NJ,10011     ,40.497501,-74.488892,200000,60,25,25,,
344,Hunterdon County,,,NJ,10012     ,40.512199,-74.859703,200000,60,25,25,,
345,Ocean County,,,NJ,10013     ,39.953601,-74.198303,200000,60,25,25,,
346,Union County,,,NJ,10014     ,40.662052,-74.216737,200000,60,25,25,,
347,Sussex County,,,NJ,10015     ,41.209701,-74.608101,200000,60,25,25,Y,
348,Morris County,,,NJ,10016     ,40.796698,-74.481901,200000,60,25,25,,
349,Essex County,,,NJ,10017     ,40.824401,-74.285003,200000,60,25,25,,
350,Sussex,,,DE,10018     ,38.689999,-75.385803,200000,60,25,25,Y,
351,Eastern Shore,,,MD,10019     ,38.978099,-76.080010,200000,60,25,25,Y,
352,Imperial Valley,,,CA,20940     ,32.811804,-115.569992,200000,60,25,25,Y,
353,St. George,,,UT,41100     ,37.140614,-113.583527,200000,60,25,25,Y,
354,Valdosta,,,GA,1830      ,30.835055,-83.281059,200000,60,25,25,Y,
355,Kauai,,,HI,9999      ,22.061460,-159.540710,200000,150,25,25,,
356,Hawaii Island,,,HI,9998      ,19.720171,-155.434570,200000,150,25,25,,
357,Maui,,,HI,27980     ,20.970416,-156.264038,200000,150,25,25,,
358,Morgantown,,,WV,34060     ,39.629500,-79.955000,200000,60,25,25,Y,
359,Helena,,,MT,25740     ,46.595805,-112.027031,200000,60,25,25,,
360,Tupelo,,,MS,46180     ,34.259585,-88.725885,200000,60,25,25,,
361,Logan,,,UT,30860     ,41.739169,-111.834641,200000,60,25,25,Y,
362,Ozaukee-Sheboygan,,,WI,43100     ,43.387200,-87.875600,200000,60,25,25,Y,Sheboygan
363,Durango,,,CO,20420     ,37.273955,-107.879118,200000,60,25,25,Y,
364,Blacksburg,,,VA,13980     ,37.172479,-80.529638,200000,60,25,25,Y,
365,Outer Banks,,,NC,28620     ,35.566944,-75.468611,200000,60,25,25,Y,
366,Pinehurst-Southern Pines,,,NC,43860     ,35.167436,-79.422685,200000,60,25,25,Y,Pinehurst
367,Harrisonburg,,,VA,25500     ,38.449400,-78.868900,200000,60,25,25,Y,
368,Ludington,,,MI,31220     ,43.956900,-86.444400,200000,60,25,25,Y,
369,Kingman-Lake Havasu City,,,AZ,29420     ,34.490000,-114.308900,200000,60,25,25,Y,Kingman
370,Steamboat Springs,,,CO,44460     ,40.476400,-106.826700,200000,60,25,25,Y,
371,Kalispell,,,MT,28060     ,48.230100,-114.348400,200000,60,25,25,Y,
372,Molokai Island,,,HI,CBSA-27980,21.161220,-157.024577,200000,150,25,25,Y,
373,Lanai Island,,,HI,CBSA:27980,20.823496,-156.928116,200000,150,25,25,Y,
374,Prescott,,,AZ,39140     ,34.674700,-112.285000,200000,60,25,25,Y,
375,Oregon Coast,,,OR,,44.958200,-124.017900,200000,60,25,25,Y,
376,Florida Keys,,,FL,28580     ,25.086500,-80.447300,200000,60,25,25,Y,
377,Brooks,,1,AB,CMA806    ,50.703870,-111.905938,200000,60,25,25,Y,
378,Calgary,,1,AB,CMA825    ,51.036301,-113.999208,200000,60,25,25,Y,
379,Camrose,,1,AB,CMA833    ,53.012269,-112.821804,200000,60,25,25,Y,
380,Canmore,,1,AB,CMA828    ,51.067279,-115.319886,200000,60,25,25,Y,
381,Cold Lake,,1,AB,CMA845    ,54.431121,-110.234346,200000,60,25,25,Y,
382,Edmonton,,1,AB,CMA835    ,53.490526,-114.132765,200000,60,25,25,Y,
383,Grande Prairie,,1,AB,CMA850    ,55.171205,-118.814003,200000,60,25,25,Y,
384,High River,,1,AB,CMA821    ,50.580077,-113.854738,200000,60,25,25,Y,
385,Lacombe,,1,AB,CMA832    ,52.473607,-113.743068,200000,60,25,25,Y,
386,Lethbridge,,1,AB,CMA810    ,49.787370,-112.913522,200000,60,25,25,Y,
387,Lloydminster,,1,AB,CMA840    ,53.281388,-110.022950,200000,60,25,25,Y,
388,Medicine Hat,,1,AB,CMA805    ,50.418395,-110.301169,200000,60,25,25,Y,
389,Okotoks,,1,AB,CMA820    ,50.719596,-113.964699,200000,60,25,25,Y,
390,Red Deer,,1,AB,CMA830    ,52.284697,-113.826601,200000,60,25,25,Y,
391,Strathmore,,1,AB,CMA826    ,51.040493,-113.391736,200000,60,25,25,Y,
392,Sylvan Lake,,1,AB,CMA831    ,52.320430,-114.095852,200000,60,25,25,Y,
393,Wetaskiwin,,1,AB,CMA865    ,52.966112,-113.375980,200000,60,25,25,Y,
394,Wood Buffalo,,1,AB,CMA860    ,58.689777,-111.383279,200000,60,25,25,Y,
395,Abbotsford - Mission,,1,BC,CMA932    ,49.144808,-122.273007,200000,60,25,25,Y,Abbotsford
396,Campbell River,,1,BC,CMA944    ,49.881898,-125.397504,200000,60,25,25,Y,
397,Chilliwack,,1,BC,CMA930    ,49.197334,-121.762670,200000,60,25,25,Y,
398,Courtenay,,1,BC,CMA943    ,49.632334,-125.003147,200000,60,25,25,Y,
399,Cranbrook,,1,BC,CMA905    ,49.523999,-115.648783,200000,60,25,25,Y,
400,Dawson Creek,,1,BC,CMA975    ,55.763517,-120.236970,200000,60,25,25,Y,
401,Duncan,,1,BC,CMA937    ,48.791434,-123.778366,200000,60,25,25,Y,
402,Fort St. John,,1,BC,CMA977    ,56.215259,-120.692514,200000,60,25,25,Y,
403,Kamloops,,1,BC,CMA925    ,50.764079,-120.269471,200000,60,25,25,Y,
404,Kelowna,,1,BC,CMA915    ,49.972606,-119.446559,200000,60,25,25,Y,
405,Nanaimo,,1,BC,CMA938    ,49.102941,-124.257098,200000,60,25,25,Y,
406,Nelson,,1,BC,CMA907    ,49.509311,-117.327766,200000,60,25,25,Y,
407,Parksville,,1,BC,CMA939    ,49.313805,-124.359915,200000,60,25,25,Y,
408,Penticton,,1,BC,CMA913    ,49.456061,-119.566306,200000,60,25,25,Y,
409,Port Alberni,,1,BC,CMA940    ,49.323615,-125.012854,200000,60,25,25,Y,
410,Powell River,,1,BC,CMA945    ,49.908357,-124.408779,200000,60,25,25,Y,
411,Prince George,,1,BC,CMA970    ,53.767054,-122.552255,200000,60,25,25,Y,
412,Prince Rupert,,1,BC,CMA955    ,54.248113,-130.180865,200000,60,25,25,Y,
413,Quesnel,,1,BC,CMA952    ,53.167627,-122.838329,200000,60,25,25,Y,
414,Salmon Arm,,1,BC,CMA920    ,50.699524,-119.278152,200000,60,25,25,Y,
415,Squamish,,1,BC,CMA934    ,49.743830,-123.162107,200000,60,25,25,Y,
416,Terrace,,1,BC,CMA965    ,54.505733,-128.588091,200000,60,25,25,Y,
417,Vancouver,,1,BC,CMA933    ,49.252112,-122.796451,200000,60,25,25,Y,
418,Vernon,,1,BC,CMA918    ,50.289909,-119.376914,200000,60,25,25,Y,
419,Victoria,,1,BC,CMA935    ,48.506958,-123.658059,200000,60,25,25,Y,
420,Williams Lake,,1,BC,CMA950    ,51.985868,-122.271927,200000,60,25,25,Y,
421,Brandon,,1,MB,CMA610    ,49.780369,-100.012414,200000,60,25,25,Y,
422,Portage la Prairie,,1,MB,CMA607    ,49.957392,-98.282593,200000,60,25,25,Y,
423,Steinbach,,1,MB,CMA605    ,49.520519,-96.668068,200000,60,25,25,Y,
424,Thompson,,1,MB,CMA640    ,55.742930,-97.860511,200000,60,25,25,Y,
425,Winkler,,1,MB,CMA603    ,49.137958,-98.075471,200000,60,25,25,Y,
426,Winnipeg,,1,MB,CMA602    ,50.164656,-96.861960,200000,60,25,25,Y,
427,Bathurst,,1,NB,CMA328    ,47.639918,-65.764546,200000,60,25,25,Y,
428,Campbellton,,1,NB,CMA330    ,47.977584,-66.534977,200000,60,25,25,Y,
429,Edmundston,,1,NB,CMA335    ,47.517893,-68.261175,200000,60,25,25,Y,
430,Fredericton,,1,NB,CMA320    ,46.029070,-66.789186,200000,60,25,25,Y,
431,Miramichi,,1,NB,CMA329    ,47.040112,-65.657215,200000,60,25,25,Y,
432,Moncton,,1,NB,CMA305    ,46.051703,-64.880682,200000,60,25,25,Y,
433,Saint John,,1,NB,CMA310    ,45.509991,-65.998730,200000,60,25,25,Y,
434,Bay Roberts,,1,NL,CMA5      ,47.583840,-53.290819,200000,60,25,25,Y,
435,Corner Brook,,1,NL,CMA15     ,48.990551,-57.985147,200000,60,25,25,Y,
436,Gander,,,NL,CMA11     ,48.894185,-54.666726,200000,60,25,25,,
437,Grand Falls-Windsor,,1,NL,CMA10     ,48.939669,-55.660159,200000,60,25,25,Y,Grand Falls
438,St. John's,,1,NL,CMA1      ,47.577255,-52.749149,200000,60,25,25,Y,
439,Cape Breton,,1,NS,CMA225    ,46.143155,-60.318655,200000,60,25,25,Y,
440,Halifax,,1,NS,CMA205    ,44.960200,-63.091758,200000,60,25,25,Y,
441,Kentville,,1,NS,CMA210    ,45.019155,-64.546076,200000,60,25,25,Y,
442,New Glasgow,,1,NS,CMA220    ,45.486718,-62.733897,200000,60,25,25,Y,
443,Truro,,1,NS,CMA215    ,45.320758,-63.302848,200000,60,25,25,Y,
444,Yellowknife,,1,NT,CMA995    ,62.472044,-114.365570,200000,60,25,25,Y,
445,Arnprior,,1,ON,CMA507    ,45.412961,-76.484771,200000,60,25,25,Y,
446,Barrie,,1,ON,CMA568    ,44.445378,-79.804256,200000,60,25,25,Y,
447,Belleville,,1,ON,CMA522    ,44.229716,-77.508178,200000,60,25,25,Y,
448,Brantford,,1,ON,CMA543    ,43.160859,-80.375116,200000,60,25,25,Y,
449,Brockville,,1,ON,CMA512    ,44.754591,-75.771882,200000,60,25,25,Y,
450,Carleton Place,,1,ON,CMA509    ,45.173006,-76.187227,200000,60,25,25,Y,
451,Centre Wellington,,1,ON,CMA531    ,43.699283,-80.400926,200000,60,25,25,Y,
452,Chatham-Kent,,1,ON,CMA556    ,42.499102,-82.208373,200000,60,25,25,Y,Chatam
453,Cobourg,,1,ON,CMA527    ,43.971020,-78.164353,200000,60,25,25,Y,
454,Collingwood,,1,ON,CMA567    ,44.507496,-80.226842,200000,60,25,25,Y,
455,Cornwall,,1,ON,CMA501    ,45.079039,-74.860749,200000,60,25,25,Y,
456,Elliot Lake,,1,ON,CMA582    ,46.392927,-82.621561,200000,60,25,25,Y,
457,Greater Sudbury / Grand Sudbury,,1,ON,CMA580    ,46.552680,-80.779230,200000,60,25,25,Y,Sudbury;
458,Guelph,,1,ON,CMA550    ,43.508941,-80.214122,200000,60,25,25,Y,
459,Hamilton,,1,ON,CMA537    ,43.264834,-79.837843,200000,60,25,25,Y,
460,Hawkesbury,,1,ON,CMA502    ,45.609260,-74.610750,200000,60,25,25,Y,
461,Ingersoll,,1,ON,CMA533    ,43.033502,-80.879865,200000,60,25,25,Y,
462,Kawartha Lakes,,1,ON,CMA530    ,44.434551,-78.745679,200000,60,25,25,Y,
463,Kenora,,1,ON,CMA598    ,49.809162,-94.483936,200000,60,25,25,Y,
464,Kingston,,1,ON,CMA521    ,44.378637,-76.617849,200000,60,25,25,Y,
465,Kitchener - Cambridge - Waterloo,,1,ON,CMA541    ,43.437415,-80.498236,200000,60,25,25,Y,Kitchener
466,Leamington,,1,ON,CMA557    ,41.987445,-82.629150,200000,60,25,25,Y,
467,London,,1,ON,CMA555    ,42.914791,-81.264560,200000,60,25,25,Y,
468,Midland,,1,ON,CMA571    ,44.727522,-79.807040,200000,60,25,25,Y,
469,Norfolk,,1,ON,CMA547    ,42.859746,-80.511040,200000,60,25,25,Y,
470,North Bay,,1,ON,CMA575    ,46.442589,-79.539351,200000,60,25,25,Y,
471,Orillia,,1,ON,CMA569    ,44.588347,-79.416745,200000,60,25,25,Y,
472,Oshawa,,1,ON,CMA532    ,43.928528,-78.699173,200000,60,25,25,Y,
473,Ottawa,,1,ON,CMA505    ,45.164572,-75.619193,200000,60,25,25,Y,
474,Owen Sound,,1,ON,CMA566    ,44.616089,-80.986757,200000,60,25,25,Y,
475,Pembroke,,1,ON,CMA515    ,45.737933,-77.176249,200000,60,25,25,Y,
476,Petawawa,,1,ON,CMA516    ,45.897237,-77.287817,200000,60,25,25,Y,
477,Peterborough,,1,ON,CMA529    ,44.370042,-78.256572,200000,60,25,25,Y,
478,Port Hope,,1,ON,CMA528    ,44.002416,-78.378621,200000,60,25,25,Y,
479,Sarnia,,1,ON,CMA562    ,42.838428,-82.253322,200000,60,25,25,Y,
480,Sault Ste. Marie,,1,ON,CMA590    ,46.540476,-84.248829,200000,60,25,25,Y,Saint Marie
481,St. Catharines - Niagara,,1,ON,CMA539    ,43.023020,-79.353622,200000,60,25,25,Y,St. Catharines
482,Stratford,,1,ON,CMA553    ,43.370625,-80.976958,200000,60,25,25,Y,
483,Thunder Bay,,1,ON,CMA595    ,48.480925,-89.009156,200000,60,25,25,Y,
484,Tillsonburg,,1,ON,CMA546    ,42.855902,-80.728489,200000,60,25,25,Y,
485,Timmins,,1,ON,CMA586    ,48.518755,-81.251051,200000,60,25,25,Y,
486,Toronto,,1,ON,CMA535    ,43.889378,-79.676268,200000,60,25,25,Y,
487,Wasaga Beach,,1,ON,CMA565    ,44.505670,-80.035528,200000,60,25,25,Y,
488,Windsor,,1,ON,CMA559    ,42.231314,-82.783650,200000,60,25,25,Y,
489,Woodstock,,1,ON,CMA544    ,43.140525,-80.740763,200000,60,25,25,Y,
490,Charlottetown,,1,PE,CMA105    ,46.278282,-63.164061,200000,60,25,25,Y,
491,Summerside,,1,PE,CMA110    ,46.409483,-63.789033,200000,60,25,25,Y,
492,Estevan,,1,SK,CMA750    ,49.159130,-102.928212,200000,60,25,25,Y,
493,Moose Jaw,,1,SK,CMA715    ,50.436934,-105.658383,200000,60,25,25,Y,
494,North Battleford,,1,SK,CMA735    ,52.897715,-108.245473,200000,60,25,25,Y,
495,Prince Albert,,1,SK,CMA745    ,53.168159,-105.726341,200000,60,25,25,Y,
496,Regina,,1,SK,CMA705    ,50.332612,-104.357800,200000,60,25,25,Y,
497,Saskatoon,,1,SK,CMA725    ,52.126204,-106.483799,200000,60,25,25,Y,
498,Swift Current,,1,SK,CMA720    ,50.183902,-107.653430,200000,60,25,25,Y,
499,Weyburn,,1,SK,CMA755    ,49.656230,-103.870326,200000,60,25,25,Y,
500,Yorkton,,1,SK,CMA710    ,51.234392,-102.561446,200000,60,25,25,Y,
501,Whitehorse,,1,YT,CMA990    ,60.594458,-135.175590,200000,60,25,25,Y,
502,Eureka-Arkata,,,CA,21700     ,40.826349,-124.215813,200000,60,25,25,Y,
